,,,
Matchups for 2025-03-10=2025-03-12,,,
Home Team,Home Odds,Away Team,Away Odds
Matchups for 2025-03-10,Matchups for 2025-03-10,Matchups for 2025-03-10,Matchups for 2025-03-10
BUF,10.82%,EDM,89.18%
OTT,55.59%,DET,44.41%
COL,93.48%,CHI,6.52%
UTA,66.07%,TOR,33.93%
,,,
Matchups for 2025-03-11,Matchups for 2025-03-11,Matchups for 2025-03-11,Matchups for 2025-03-11
BOS,26.56%,FLA,73.44%
NJD,62.63%,CBJ,37.37%
PHI,17.20%,OTT,82.80%
PIT,26.83%,VGK,73.17%
CAR,57.64%,TBL,42.36%
MIN,91.24%,COL,8.76%
WPG,93.49%,NYR,6.51%
VAN,86.47%,MTL,13.53%
ANA,12.45%,WSH,87.55%
LAK,91.95%,NYI,8.05%
SJS,19.80%,NSH,80.20%
,,,
Matchups for 2025-03-12,Matchups for 2025-03-12,Matchups for 2025-03-12,Matchups for 2025-03-12
DET,78.00%,BUF,22.00%
CGY,46.70%,VAN,53.30%
UTA,85.54%,ANA,14.46%
SEA,70.34%,MTL,29.66%
,,,
,,,